{
  "height": 14,
  "width": 67,
  "x": 576.0250244140625,
  "y": 985.3875122070312
}